body_fraction_bits,head_fraction_bits,total_weights,changed_weights,fraction_bits,dropped_bits,original_zeros,quantized_zeros,max_abs_delta_raw,sum_abs_delta_raw,saturations,mean_abs_delta_raw,candidate_sha256,sample_sha256,trace_sha256,matching_samples,first_sample_difference,trace_points,matching_trace_tokens,common_trace_points,matching_top1,max_abs_top1_value_delta_raw,first_logits_divergence,first_probs_divergence,first_output_token_divergence,first_top1_divergence
12,12,864,864,12,36,0,0,34289462110,15095831130367,0,17472026771.258102,742cbd6d0b750bf3d164a23d97390171e3fe545ee9d87a2b0e843d3d8d1ae9f4,a021d838f7b8da9ca78e090dd3c2a298df6f1ae8c9f715f903c9f9913d52ea3a,1d1418d619c96a79eed0db6f5a4a19957b608a27645e3fb8af2e3393e96e7e15,20,,122,122,122,122,640685315014,0:0,0:0,,
12,13,864,864,13,35,0,0,17165221456,7681324896209,0,8890422333.575232,09e9dc67273e32653475123a13d505e46c264de28579a3f35c706adfd5e46a80,a021d838f7b8da9ca78e090dd3c2a298df6f1ae8c9f715f903c9f9913d52ea3a,cbd0702c5f852361f846d23670235582d874bc650aa20d8df9a3454c47353ced,20,,122,122,122,122,627681785690,0:0,0:0,,
12,14,864,864,14,34,0,0,8585862231,3689678461577,0,4270461182.380787,2eb7df7339881e74d89fa193b56c2761aad3038443e0c7738d949082ac5d6bc2,a021d838f7b8da9ca78e090dd3c2a298df6f1ae8c9f715f903c9f9913d52ea3a,9fad94a0024693d7c38c2d05c18a6ececebdd6b8e039ba4bd2567aee59804348,20,,122,122,122,122,657901005139,0:0,0:0,,
12,16,864,864,16,32,0,0,2144910689,910303304825,0,1053591787.9918982,4b40b4a14d365104908c3a27f33cb9858c6ccd21b454d86cbcca8c0a5bfd0fda,a021d838f7b8da9ca78e090dd3c2a298df6f1ae8c9f715f903c9f9913d52ea3a,e689bcf6989743ea66f95d4ef0f43b462a3d75cec83ff7edf413ae36cdc5d437,20,,122,122,122,122,617868765909,0:0,0:0,,
12,24,864,864,24,24,0,0,8384577,3632299571,0,4204050.429398148,164bd5f00b8f6aec960e44d801e0d4aa592d6958ffd768b9897cfe05cb0fd7e8,a021d838f7b8da9ca78e090dd3c2a298df6f1ae8c9f715f903c9f9913d52ea3a,6ac50148d269eed9fb6fd56bbbb744d8fef845f0bbab6e7ced6a968d7c088899,20,,122,122,122,122,622288506543,0:0,0:0,,
12,48,864,0,48,0,0,0,0,0,0,0.0,bbc31e7f35a562c2a8c9eddf23c774e2e1b48c659cadcda5a0a5756be15a6f18,a021d838f7b8da9ca78e090dd3c2a298df6f1ae8c9f715f903c9f9913d52ea3a,6e906a8e0e2f9de1db5a6fdaa87dae9f6c7dd60e28c239a9fdb8f4b8e90ad658,20,,122,122,122,122,622309097255,0:0,0:0,,
11,11,864,864,11,37,0,1,68572470046,30652763421155,0,35477735441.15162,1a71a22f0901cea0e37d26872717c2d4db874f294b742fd7572fca196caa2051,a021d838f7b8da9ca78e090dd3c2a298df6f1ae8c9f715f903c9f9913d52ea3a,757b354d5f1ab21a2a989f59f657b473a5bd2e1b2f3ce66688139618bb6275b5,20,,122,122,122,121,916817654565,0:0,0:0,,15:5
11,12,864,864,12,36,0,0,34289462110,15095831130367,0,17472026771.258102,e0b9aedf687154cfe3a1309b7810ef0aee37396b8a3c759774caa16e6ff7a1be,a021d838f7b8da9ca78e090dd3c2a298df6f1ae8c9f715f903c9f9913d52ea3a,bde51f0b8c27b00fe968d708deadd5fe1032a04f63bddd9dcd1122ca091e7849,20,,122,122,122,122,1176543442058,0:0,0:0,,
11,13,864,864,13,35,0,0,17165221456,7681324896209,0,8890422333.575232,c17e7cf25e7a168bfb4f4cf07b7daed8edee648d1c1fe4d281fec9f04e8e88b7,a021d838f7b8da9ca78e090dd3c2a298df6f1ae8c9f715f903c9f9913d52ea3a,18b8f99d062f43338af3a25fde95f04168dbd557eaaa7bfb11662e4f04a9602b,20,,122,122,122,122,1049776322130,0:0,0:0,,
11,14,864,864,14,34,0,0,8585862231,3689678461577,0,4270461182.380787,3d0af4bc961a13799efb09ddf5468c46a8b79b1e4fbb1e95dc2af4c4b48a46a5,a021d838f7b8da9ca78e090dd3c2a298df6f1ae8c9f715f903c9f9913d52ea3a,6713f5202ab15b376101fbc0654e1ede804d8030522bbf2b7a5af36376e267b8,20,,122,122,122,122,1027824487127,0:0,0:0,,
11,16,864,864,16,32,0,0,2144910689,910303304825,0,1053591787.9918982,95f211ac0c99eeaa45457dc6b206b4d3c1a13c72acff8c517cf3d03199d47099,a021d838f7b8da9ca78e090dd3c2a298df6f1ae8c9f715f903c9f9913d52ea3a,457215718708e1d33c93d2a0defc95f1cdea9ea55b4bfe87fd3739665cc3e933,20,,122,122,122,122,1052334725903,0:0,0:0,,
11,24,864,864,24,24,0,0,8384577,3632299571,0,4204050.429398148,e17f7fc6c10ca81239af9c4375194cfd3f316c3a383342d331ca4f260761b569,a021d838f7b8da9ca78e090dd3c2a298df6f1ae8c9f715f903c9f9913d52ea3a,8f8c6f4b194c243b04c04132c3aca3a206ea078b67d2c0aed8b92c55491b565c,20,,122,122,122,122,1046928176416,0:0,0:0,,
11,48,864,0,48,0,0,0,0,0,0,0.0,9afd57727d673d806bb832ce0a1f9ee7cdc3f35840dbc15658f5dc51ae6da999,a021d838f7b8da9ca78e090dd3c2a298df6f1ae8c9f715f903c9f9913d52ea3a,f97872ea217e59b4479a597f7cc5a86785983348496cb2d52cee9ce545a8d596,20,,122,122,122,122,1046902736848,0:0,0:0,,
10,10,864,864,10,38,0,1,137344729467,60681388988209,0,70233089106.72337,0053cfe174b760e2bc1c7ebd67a00f0195cf63f47623e2d38da63af10a4b49bb,a021d838f7b8da9ca78e090dd3c2a298df6f1ae8c9f715f903c9f9913d52ea3a,87bd73c0d4474fc31779c61cf8f68ac2dad573ea825a43ea82dde1f9452c75af,20,,122,122,122,121,2715452596965,0:0,0:0,,15:5
10,11,864,864,11,37,0,1,68572470046,30652763421155,0,35477735441.15162,6e7ba901afd473f697f4ebece7a041c37d309a8684a181716c6cfc3aef0a7d15,a021d838f7b8da9ca78e090dd3c2a298df6f1ae8c9f715f903c9f9913d52ea3a,6c6a3ebb2a93c8499b313cad095c61b3eebcfd6d155cebe6825f86faf59d2ed9,20,,122,122,122,121,3003644117195,0:0,0:0,,15:5
10,12,864,864,12,36,0,0,34289462110,15095831130367,0,17472026771.258102,b6b05c44be9ed96085a60e52a4b74d7d4eb7cb7df3c778c07cd814f93f2b3c2e,a021d838f7b8da9ca78e090dd3c2a298df6f1ae8c9f715f903c9f9913d52ea3a,37efada76311513733e042f7264c43244aa0d40f0b056633de137c9b55a7a3fe,20,,122,122,122,121,2646514365395,0:0,0:0,,15:5
10,13,864,864,13,35,0,0,17165221456,7681324896209,0,8890422333.575232,6c6a76fdb60fc0aa9aa152b82c4d28cb6e4811ecffb9a96598a4668e8669a6ce,a021d838f7b8da9ca78e090dd3c2a298df6f1ae8c9f715f903c9f9913d52ea3a,085cfe8866cd8526b46f72f9cf487396a97df31e9c384bd4ae9240fa4510d657,20,,122,122,122,121,2664783681164,0:0,0:0,,15:5
10,14,864,864,14,34,0,0,8585862231,3689678461577,0,4270461182.380787,9849f4851726be09db9ec34467e918c588500b2a920fc7ab9710d6f68f9dc102,a021d838f7b8da9ca78e090dd3c2a298df6f1ae8c9f715f903c9f9913d52ea3a,6afaef9083f0999b3d7f1e39e9e355909fc54b0594716f04d9e3479dce8a631c,20,,122,122,122,121,2627017842122,0:0,0:0,,15:5
10,16,864,864,16,32,0,0,2144910689,910303304825,0,1053591787.9918982,4e46659f718af8175b8aae60bb8d572841d26085f89e0929b516405da187175c,a021d838f7b8da9ca78e090dd3c2a298df6f1ae8c9f715f903c9f9913d52ea3a,f4ea00080223fa14361d43bcd9654e3155acf23d098f67ad94cb5247f0b2168b,20,,122,122,122,121,2635314881859,0:0,0:0,,15:5
10,24,864,864,24,24,0,0,8384577,3632299571,0,4204050.429398148,daf16e61cda48a5ef1104e5cce654b7171dcfa8e30f58376511fa4fd3093f1a2,a021d838f7b8da9ca78e090dd3c2a298df6f1ae8c9f715f903c9f9913d52ea3a,7d436b76f00d5e76bf15ad08a086ed974b49610097eb99a6cfc77a97d02c89d5,20,,122,122,122,121,2636871779484,0:0,0:0,,15:5
10,48,864,0,48,0,0,0,0,0,0,0.0,a9da26652d0c991c03d83d77677d421f38778dea826cfc45db296f023a049d03,a021d838f7b8da9ca78e090dd3c2a298df6f1ae8c9f715f903c9f9913d52ea3a,8789b46799005466ef26abf73909313cb001ed87a1026036442a6f2875830ee1,20,,122,122,122,121,2636895192606,0:0,0:0,,15:5
9,9,864,864,9,39,0,3,274814086296,121490890935751,0,140614457101.56366,9187d41e9f68936750fd8c4558b96c00e45f839bc55119b214d3e4eafdd74630,9c6502df9092e93c92ef25ecd0eafb31cb5511b95a530490a16e100d46c4f21b,c69d77cfea00ce4f483be6f3af904ae276c66a0d27e0388f75d7ef48c7d575e3,18,15:2,123,113,122,115,772714418890151,0:0,0:0,15:2,15:3
9,10,864,864,10,38,0,1,137344729467,60681388988209,0,70233089106.72337,a3f674b6fd063436c5cf65ca25b8f5afb5f007317c69f0e19554067af78e289b,a021d838f7b8da9ca78e090dd3c2a298df6f1ae8c9f715f903c9f9913d52ea3a,e4fd2545eef17d0d44227e6f249c95dfa53e3f8f60cf86b07269ae487a4b9e60,20,,122,122,122,122,7489332867055,0:0,0:0,,
9,11,864,864,11,37,0,1,68572470046,30652763421155,0,35477735441.15162,d345afe78f852c79cf51f4c9256ae0407038d0893bd5970bd474ea0fd741bfa3,a021d838f7b8da9ca78e090dd3c2a298df6f1ae8c9f715f903c9f9913d52ea3a,0c6dad5ef1f40b2b792fd7e7418bf6e87b0ad60bd86729d500d5d0a4083e62dc,20,,122,122,122,122,7277589198535,0:0,0:0,,
9,12,864,864,12,36,0,0,34289462110,15095831130367,0,17472026771.258102,2b362ebafdb78f0db5f369c1ebc6d4f6d71ff4d82e1d250f0d86403725603b6d,a021d838f7b8da9ca78e090dd3c2a298df6f1ae8c9f715f903c9f9913d52ea3a,67ee5032021e3cbf056c0747f83bb37a59779be4973c74d99ed584adbfe6550e,20,,122,122,122,122,7258312160458,0:0,0:0,,
9,13,864,864,13,35,0,0,17165221456,7681324896209,0,8890422333.575232,88f75b08ce26aa3115730e139752822e9e8a95e49dbc4cb15feb1086251e4bd6,a021d838f7b8da9ca78e090dd3c2a298df6f1ae8c9f715f903c9f9913d52ea3a,eaf1a2bb6c04b7c2b4325a81826a485b52c37486473fc2c3693b70e76ace0001,20,,122,122,122,122,7172672661001,0:0,0:0,,
9,14,864,864,14,34,0,0,8585862231,3689678461577,0,4270461182.380787,35a82d3f4e435cf5a09a64b52a31202bd0cbe77df16ab846bdc58af9cbff2c29,a021d838f7b8da9ca78e090dd3c2a298df6f1ae8c9f715f903c9f9913d52ea3a,c3ecb99290eaf8e77cdf3914cd60962b9211bdb7d20c9041c4e0132f7b847f9f,20,,122,122,122,122,7166258449660,0:0,0:0,,
9,16,864,864,16,32,0,0,2144910689,910303304825,0,1053591787.9918982,fe4d88eb283a0b29f9c83c282dc63c9e1f6d1b92044cbc6635e3ee03f3a3b45e,a021d838f7b8da9ca78e090dd3c2a298df6f1ae8c9f715f903c9f9913d52ea3a,a1e6cbb19fd0ff6582f5b7f84a317c19694111eb14a160d884f33fc8a7ddace3,20,,122,122,122,122,7155100641599,0:0,0:0,,
9,24,864,864,24,24,0,0,8384577,3632299571,0,4204050.429398148,8c1dc74d5fcc67fca58b46bda0adc9878382da9f746047b5f39e47e7c8fd436b,a021d838f7b8da9ca78e090dd3c2a298df6f1ae8c9f715f903c9f9913d52ea3a,4eb1ed0c8fe2acdf1070bbd3164eff2a406f7d4745b2987cf3507bc25c969306,20,,122,122,122,122,7154861598924,0:0,0:0,,
9,48,864,0,48,0,0,0,0,0,0,0.0,87c12a095047441432944f192280f8537aa6107a42fa654d55c1945ca6d44e03,a021d838f7b8da9ca78e090dd3c2a298df6f1ae8c9f715f903c9f9913d52ea3a,373917c84ecb50e26f52ae4f4b719fb5e763a9c2211bf4b42dc5aef08343f427,20,,122,122,122,122,7154877540639,0:0,0:0,,
8,9,864,864,9,39,0,3,274814086296,121490890935751,0,140614457101.56366,955380c43212fc9582c7bbfe3646c83d52fe23231f8b6e403db237f2ddad1326,d80d356bb04b9f4ec0fa026b3202a3803b02ce98caf06ef79767eb4d987001dd,23ee755e8d8ec8750bcef1095352b536137181ca9530af4c2e239cc18e40ffad,1,1:0,125,29,115,56,1176875407438268,0:0,0:0,1:0,1:1
8,10,864,864,10,38,0,1,137344729467,60681388988209,0,70233089106.72337,02ff5bcb26e560060d7104899b7f8630848aff5e9230019396bc4a366ca02a9c,a021d838f7b8da9ca78e090dd3c2a298df6f1ae8c9f715f903c9f9913d52ea3a,b45670553e0b998805123de3b2a4f8158a0fd81ebf06679cd9206ebb687b9e45,20,,122,122,122,122,8678274692061,0:0,0:0,,
8,11,864,864,11,37,0,1,68572470046,30652763421155,0,35477735441.15162,2c581566686db492162e8a33c07ca2df392d2dac9c18e39c1008836f24ed4d69,ed8c063e4053246666dd0fadf93d909915b0b85b8a8b75996769cfd813de80c6,7da4a37af83a4b0ca137448beee2e71aad17afab882011c5d4ad81688775919a,1,1:0,129,25,117,55,1306417995913945,0:0,0:0,1:0,1:1
8,12,864,864,12,36,0,0,34289462110,15095831130367,0,17472026771.258102,8ae4aad501b1ffb5f4977f69c985093c3723314350369f066ce2ffc7b627d632,ed8c063e4053246666dd0fadf93d909915b0b85b8a8b75996769cfd813de80c6,4be053ba7dd2ccbdc4ce98462c177cdc4f3345779b7972b3113a44d29d450822,1,1:0,129,25,117,55,1306070116142919,0:0,0:0,1:0,1:1
8,13,864,864,13,35,0,0,17165221456,7681324896209,0,8890422333.575232,c5c7155ab81012317a22b2859e088772b0bcf82b1a5afc078bda1268714d48a5,a021d838f7b8da9ca78e090dd3c2a298df6f1ae8c9f715f903c9f9913d52ea3a,a39efb41da91a6a5e011a53c30285040853912af8c04d91c95619054ac3212de,20,,122,122,122,122,8667731276984,0:0,0:0,,
8,14,864,864,14,34,0,0,8585862231,3689678461577,0,4270461182.380787,00d2b773e496e71d0432db588922c927ed7e29fef5ce07a01c783217ccd54572,a021d838f7b8da9ca78e090dd3c2a298df6f1ae8c9f715f903c9f9913d52ea3a,8f2a103c2500bdca8b600f001b7fe157f373420ac0f87ad988df418a29763f88,20,,122,122,122,122,8633114406141,0:0,0:0,,
8,16,864,864,16,32,0,0,2144910689,910303304825,0,1053591787.9918982,91658f62eb11d6ef0bb5e9b76afc40e1fe281ddee36be8891754a9121382c756,ed8c063e4053246666dd0fadf93d909915b0b85b8a8b75996769cfd813de80c6,8dce3d65f7ab71d93104dbab0b434268393c6ff4d7d264787b1b21f924782ba1,1,1:0,129,25,117,55,1306224864743181,0:0,0:0,1:0,1:1
8,24,864,864,24,24,0,0,8384577,3632299571,0,4204050.429398148,962f75bf582d1795aef1b1aa51083c519084edd47dc172d558931a45dd1907ae,ed8c063e4053246666dd0fadf93d909915b0b85b8a8b75996769cfd813de80c6,01796a4c49dcb0cfe76cd750e53606342c6bcc13aa1d34b9c8ae34fd76d160c1,1,1:0,129,25,117,55,1306228900577612,0:0,0:0,1:0,1:1
8,48,864,0,48,0,0,0,0,0,0,0.0,a587f2a9879b88683abc446d4acdde04a29f6cb22ce3668b2d1fa01400e8471a,ed8c063e4053246666dd0fadf93d909915b0b85b8a8b75996769cfd813de80c6,0ef73bd3922b3f85799e76da3cef3a03297d5668f978c9ce78bce12ebe9079fd,1,1:0,129,25,117,55,1306228886427288,0:0,0:0,1:0,1:1
7,9,864,864,9,39,0,3,274814086296,121490890935751,0,140614457101.56366,eaca29e05308fa91d5c70cb82d6e942ce086900262f16a666d69cb7073ee3e2d,7686f0900b33c770dfd00e81c3b0a7f103f21d64cfa2d01d51348b893d2cc994,713f3c504b34481d1d5bc32547660d648bb38c8c6a00db5af721f5dbc4ea3b52,19,2:0,122,119,122,118,425491815126973,0:0,0:0,2:0,2:2
7,10,864,864,10,38,0,1,137344729467,60681388988209,0,70233089106.72337,96c4ed9aa2f43f73f8fccee52ad421f655d66aba46560d13b2dee858ed6d26b6,8494a98f109b87941bd6e1850722da804b941f6c2605da36f263d1ccfe584b79,b6b8eef1b56d343a6158cf8545f4c34b03638c6b5c5ab2907f822a4663d7ca97,18,2:0,122,115,122,116,1282332347958173,0:0,0:0,2:0,2:2
7,11,864,864,11,37,0,1,68572470046,30652763421155,0,35477735441.15162,f22cf69786a04f0dca8dddc3302d33cd4b9188e0f36ceeca429f446ae26d719d,8494a98f109b87941bd6e1850722da804b941f6c2605da36f263d1ccfe584b79,cc8732d00ccd9b66b37e3188b78c783dafbd05f3ca0bae01899ea56dc307ebd3,18,2:0,122,115,122,116,1282822830692559,0:0,0:0,2:0,2:2
7,12,864,864,12,36,0,0,34289462110,15095831130367,0,17472026771.258102,dc3da36b7b8c08422bf1482933dabb135f0d34cfa79677ef5ea779119002473f,8494a98f109b87941bd6e1850722da804b941f6c2605da36f263d1ccfe584b79,cb8cf38eec7b881b0278d9cb1d3c21758455ccdf7d748b1c3e96ac960bacc1b1,18,2:0,122,115,122,116,1282386525122892,0:0,0:0,2:0,2:2
7,13,864,864,13,35,0,0,17165221456,7681324896209,0,8890422333.575232,6038d74c3183e58375c1fb09f96058c711bb262705595cbfacad5f6a1e5708e5,8494a98f109b87941bd6e1850722da804b941f6c2605da36f263d1ccfe584b79,33da1424b2df2103fce83767c763b652129c58df726f4ae8705ef148d6b6cb03,18,2:0,122,115,122,116,1282549139415946,0:0,0:0,2:0,2:2
7,14,864,864,14,34,0,0,8585862231,3689678461577,0,4270461182.380787,be93f5ce80c1ef9e29f7dfb9b401771f7071a6c5c5ce221102d4bea7309f72e1,8494a98f109b87941bd6e1850722da804b941f6c2605da36f263d1ccfe584b79,0226638375683a6726d5383ef9a34dd7c50309b10ade35339cbfd168fddba0d1,18,2:0,122,115,122,116,1282543079336095,0:0,0:0,2:0,2:2
7,16,864,864,16,32,0,0,2144910689,910303304825,0,1053591787.9918982,d5f2373148de4e7e731144ac7a3911974ed3c45aed182954114a89dd99a89859,8494a98f109b87941bd6e1850722da804b941f6c2605da36f263d1ccfe584b79,7c4c19bb8e8a762c999ee90137f449b13ba40275753aa89305cf74b4135bc2a2,18,2:0,122,115,122,116,1282531362600650,0:0,0:0,2:0,2:2
7,24,864,864,24,24,0,0,8384577,3632299571,0,4204050.429398148,52e3ae3dbf5744428010f05ec18c63a218f02104abc02f1544527af5e1277a6a,8494a98f109b87941bd6e1850722da804b941f6c2605da36f263d1ccfe584b79,df8a3c89378b09fb826074b6ad16523d4c949159503148402c3c724b647e9f8a,18,2:0,122,115,122,116,1282537841893335,0:0,0:0,2:0,2:2
7,48,864,0,48,0,0,0,0,0,0,0.0,61e563bbac789cb593d680e87cbba0b8a36b54a0b50249cb499535b49e75c2f3,8494a98f109b87941bd6e1850722da804b941f6c2605da36f263d1ccfe584b79,3402695f3a1b6efca0d69762f8fe3590b4a6b0a5981b3f148c365b1321a2bbac,18,2:0,122,115,122,116,1282537831336047,0:0,0:0,2:0,2:2
6,9,864,864,9,39,0,3,274814086296,121490890935751,0,140614457101.56366,39995bd0b9975ec7b0b11cb21abb73f97ad3369290cae7593ad17be3cfe2c45a,15833f2708bba3e2f887cd50c4d14d394f77add495c8b9f91f6a622213de5450,49266d565568e75cadd70ee488d076bc593c78a67e33b952df73acee40fcc215,1,1:0,125,25,115,53,1163884006593204,0:0,0:0,1:0,1:1
6,10,864,864,10,38,0,1,137344729467,60681388988209,0,70233089106.72337,33f2cdd51f99df696f17cf1425c52f5b81544323d9c5a8e3f1fb6f7f5051cfc2,15833f2708bba3e2f887cd50c4d14d394f77add495c8b9f91f6a622213de5450,63fe22cd9cf484c322fc5ec05cfcd4a47413c5ab1476f7e4e26c0438b6acb917,1,1:0,125,25,115,53,1164433819232703,0:0,0:0,1:0,1:1
6,11,864,864,11,37,0,1,68572470046,30652763421155,0,35477735441.15162,52fd14ae475080115b6031109e820cbc0cf47e77c5d3897eda6604d0528b7f3e,15833f2708bba3e2f887cd50c4d14d394f77add495c8b9f91f6a622213de5450,3197ba71bc3a5e56d8d4ff3f89820f800f3bdefc7fce5fafa41e0afc482ba77e,1,1:0,125,25,115,53,1164439817995473,0:0,0:0,1:0,1:1
6,12,864,864,12,36,0,0,34289462110,15095831130367,0,17472026771.258102,e24a647e1ac5f4ff9357a7147783a29a2fa4e11aa16b4a13ca38d0fa99ee4c62,15833f2708bba3e2f887cd50c4d14d394f77add495c8b9f91f6a622213de5450,48aa4b837f3414c9ac2dd4e19d0e33cd1b437db1087b7d53e1bf4d7e9bb38e9e,1,1:0,125,25,115,53,1164354619434372,0:0,0:0,1:0,1:1
6,13,864,864,13,35,0,0,17165221456,7681324896209,0,8890422333.575232,522d0ba582d612ac0f8cf131636ef59fb9494dac7330b252164835cbf795b9cd,15833f2708bba3e2f887cd50c4d14d394f77add495c8b9f91f6a622213de5450,ed70d71fcc4d27df112ec4376d373600ed5ac66c9d816fec2cc6b030a656a3c9,1,1:0,125,25,115,53,1164484846191510,0:0,0:0,1:0,1:1
6,14,864,864,14,34,0,0,8585862231,3689678461577,0,4270461182.380787,5b287248e24e8e2dc791a40d84ca2c3c050f045031ba520206da9587993a8e04,15833f2708bba3e2f887cd50c4d14d394f77add495c8b9f91f6a622213de5450,e86a9f3d364a72a0ab43ff54593d56f3a5ec64b5084d34030df5938be28ecdfc,1,1:0,125,25,115,53,1164398017113418,0:0,0:0,1:0,1:1
6,16,864,864,16,32,0,0,2144910689,910303304825,0,1053591787.9918982,81ee7812ac919c05352d90d670ae88b7478d0f70b17d5434699c9ce4db9c8ccf,15833f2708bba3e2f887cd50c4d14d394f77add495c8b9f91f6a622213de5450,4cf606bb8bba20de45afbccf06393b419378da9255b6ff54030e7136ef5d5eb5,1,1:0,125,25,115,53,1164405405767562,0:0,0:0,1:0,1:1
6,24,864,864,24,24,0,0,8384577,3632299571,0,4204050.429398148,549709a4033a5f26863bd06222f79f48ff4b44e959c50578cfa4de47afe98ed3,15833f2708bba3e2f887cd50c4d14d394f77add495c8b9f91f6a622213de5450,1c9f42bd9a5c025508f00747f1b780d4d6a5fd977bcea27fb55d91926ecab207,1,1:0,125,25,115,53,1164413599763621,0:0,0:0,1:0,1:1
6,48,864,0,48,0,0,0,0,0,0,0.0,50910fe2ba26ce7d60c514992db503943ad51b8ad5ea473951530c18de72f40b,15833f2708bba3e2f887cd50c4d14d394f77add495c8b9f91f6a622213de5450,ec46269f79534201576b13f5df4ea506164a0359090f481e591b912efc8be077,1,1:0,125,25,115,53,1164413647436179,0:0,0:0,1:0,1:1
