mode,group,rounded_tensors,fraction_bits,dropped_bits,total_weights,changed_weights,original_zeros,quantized_zeros,max_abs_delta_raw,sum_abs_delta_raw,saturations,mean_abs_delta_raw,candidate_sha256,sample_sha256,trace_sha256,matching_samples,first_sample_difference,trace_points,matching_trace_tokens,common_trace_points,matching_top1,max_abs_top1_value_delta_raw,first_logits_divergence,first_probs_divergence,first_output_token_divergence,first_top1_divergence
all,all tensors rounded,"layers.0.attn_wk,layers.0.attn_wo,layers.0.attn_wq,layers.0.attn_wv,layers.0.mlp_fc1,layers.0.mlp_fc2,lm_head,wpe,wte",11,37,14272,14272,0,16,68717444174,492330024235234,0,34496218065.809555,1a71a22f0901cea0e37d26872717c2d4db874f294b742fd7572fca196caa2051,a021d838f7b8da9ca78e090dd3c2a298df6f1ae8c9f715f903c9f9913d52ea3a,757b354d5f1ab21a2a989f59f657b473a5bd2e1b2f3ce66688139618bb6275b5,20,,122,122,122,121,916817654565,0:0,0:0,,15:5
only,token_embedding,wte,11,37,864,864,0,1,68502704885,29560025198811,0,34212992128.25347,7c3331575bf3ad94a2de062adffb67b0be6cb0a5894ac25c292671e0d7d7de0f,a021d838f7b8da9ca78e090dd3c2a298df6f1ae8c9f715f903c9f9913d52ea3a,780aaa28d72847226ce57894773415c48f440f1d6b0e50aeb8213d2475d1f836,20,,122,122,122,122,220155162345,0:0,0:0,,
only,position_embedding,wpe,11,37,256,256,0,0,68425881363,9007717486098,0,35186396430.07031,c69bea7c406503cc2aeb78726a601b5fd8f520071e13bd73df46b555c55d98ea,a021d838f7b8da9ca78e090dd3c2a298df6f1ae8c9f715f903c9f9913d52ea3a,232b4d360d30b97cd002913d0a96ef40e77c02c0f3ced1e95e78b5832691697b,20,,122,122,122,122,382761097386,0:0,0:0,,
only,language_head,lm_head,11,37,864,864,0,1,68572470046,30652763421155,0,35477735441.15162,e5fd1cf5162e4d375f5f3ee00451bf9a41ff79ad1841dc790a9eabf25ccc7c61,a021d838f7b8da9ca78e090dd3c2a298df6f1ae8c9f715f903c9f9913d52ea3a,2cdd137e8dc8b49cfd91fea4c6863fd75f62e7f03e57ab8c83b3506fd9dadd46,20,,122,122,122,121,397494022583,0:0,0:0,,15:5
only,attention_qkv,"layers.0.attn_wk,layers.0.attn_wq,layers.0.attn_wv",11,37,3072,3072,0,3,68717444174,104776089532777,0,34106799978.11751,8a2a37bfedb8b85f688f90ad2613facd33ae2020565e809ac9a7d6796f90c8e3,a021d838f7b8da9ca78e090dd3c2a298df6f1ae8c9f715f903c9f9913d52ea3a,4b4aedb1a038cab0f21595ce6382305f2864dbcaa17010c735785a0a77717af4,20,,122,122,122,122,270087374350,0:0,0:0,,
only,attention_output,layers.0.attn_wo,11,37,1024,1024,0,1,68681142712,35254415987775,0,34428140613.06152,b4b301536d088076284952eede086e53550ef51c442c4aeef8e2fc43d6eb1880,a021d838f7b8da9ca78e090dd3c2a298df6f1ae8c9f715f903c9f9913d52ea3a,fe4d195dd500b5aa65fd66ae909e7f7473851620698c38cc2fe04dac2d037e24,20,,122,122,122,122,262934722236,0:0,0:0,,
only,mlp_fc1,layers.0.mlp_fc1,11,37,4096,4096,0,4,68698019683,140677713724369,0,34345144952.238525,f67a3772bd6ae4a184995dc414baef68ad88a3d444d43ef9c9dabe7539404685,a021d838f7b8da9ca78e090dd3c2a298df6f1ae8c9f715f903c9f9913d52ea3a,7cf673c52cb5186f9e950a6891e5aa0d89f3c4de31ff283a17b4aea9ada34faa,20,,122,122,122,122,852208558238,0:0,0:0,,
only,mlp_fc2,layers.0.mlp_fc2,11,37,4096,4096,0,6,68708192909,142401298884249,0,34765942110.41235,088cbc2af985dffd791f882a91739f1c45951488c0b52d59983127d30ab8e217,a021d838f7b8da9ca78e090dd3c2a298df6f1ae8c9f715f903c9f9913d52ea3a,a03ba63f5f4985860ee490ff4077baa144b0dc3009dcc180b930ae1908fd06df,20,,122,122,122,122,240496200347,0:0,0:0,,
rescue,token_embedding,"layers.0.attn_wk,layers.0.attn_wo,layers.0.attn_wq,layers.0.attn_wv,layers.0.mlp_fc1,layers.0.mlp_fc2,lm_head,wpe",11,37,13408,13408,0,15,68717444174,462769999036423,0,34514468901.88119,25e4a9addb6d5ab831d1f4650ff543b87587f18b475ddb7e1a6d941c73ac50f2,a021d838f7b8da9ca78e090dd3c2a298df6f1ae8c9f715f903c9f9913d52ea3a,718f21bfb756d35b59260055a6eff92f5d1c0c572fc34cafff20f56d64f0dba5,20,,122,122,122,121,818161811917,0:0,0:0,,15:5
rescue,position_embedding,"layers.0.attn_wk,layers.0.attn_wo,layers.0.attn_wq,layers.0.attn_wv,layers.0.mlp_fc1,layers.0.mlp_fc2,lm_head,wte",11,37,14016,14016,0,16,68717444174,483322306749136,0,34483612068.28881,8378d172144e5f8bcd7e802a8cff448618911343c6b7680b03522b74706ca8c6,a021d838f7b8da9ca78e090dd3c2a298df6f1ae8c9f715f903c9f9913d52ea3a,ca828ed8d7d6ba7fa85a6dfce9023b8d5d1670e9175136170148bd41a618c776,20,,122,122,122,122,1020886361273,0:0,0:0,,
rescue,language_head,"layers.0.attn_wk,layers.0.attn_wo,layers.0.attn_wq,layers.0.attn_wv,layers.0.mlp_fc1,layers.0.mlp_fc2,wpe,wte",11,37,13408,13408,0,15,68717444174,461677260814079,0,34432969929.451,9afd57727d673d806bb832ce0a1f9ee7cdc3f35840dbc15658f5dc51ae6da999,a021d838f7b8da9ca78e090dd3c2a298df6f1ae8c9f715f903c9f9913d52ea3a,f97872ea217e59b4479a597f7cc5a86785983348496cb2d52cee9ce545a8d596,20,,122,122,122,122,1046902736848,0:0,0:0,,
rescue,attention_qkv,"layers.0.attn_wo,layers.0.mlp_fc1,layers.0.mlp_fc2,lm_head,wpe,wte",11,37,11200,11200,0,13,68708192909,387553934702457,0,34603029884.14795,4e26e6f9c9dfb52efba52c6ea2464ffcdf82808a3e2c5603980ee6a82dd23cfc,a021d838f7b8da9ca78e090dd3c2a298df6f1ae8c9f715f903c9f9913d52ea3a,b015f716687adcf6706607fc8fe5539d4678d677f06ef3927785232f63d99857,20,,122,122,122,121,1011539710025,0:0,0:0,,15:5
rescue,attention_output,"layers.0.attn_wk,layers.0.attn_wq,layers.0.attn_wv,layers.0.mlp_fc1,layers.0.mlp_fc2,lm_head,wpe,wte",11,37,13248,13248,0,15,68717444174,457075608247459,0,34501480091.14274,da932c5c4e1e2f91ec8c0916288cf2cdb274a4314dab07114ba043f6056dcf96,a021d838f7b8da9ca78e090dd3c2a298df6f1ae8c9f715f903c9f9913d52ea3a,98f7407b9e87beaa942acf73125e43c38fa8611fdc299898d0b3ac4e264cf791,20,,122,122,122,121,902292558084,0:0,0:0,,15:5
rescue,mlp_fc1,"layers.0.attn_wk,layers.0.attn_wo,layers.0.attn_wq,layers.0.attn_wv,layers.0.mlp_fc2,lm_head,wpe,wte",11,37,10176,10176,0,12,68717444174,351652310510865,0,34557027369.385315,083cc7ad9b5e0579c9f5bcd1a9b45b7a6ea6b5962f8d0aaf532b7bd93bab199f,a021d838f7b8da9ca78e090dd3c2a298df6f1ae8c9f715f903c9f9913d52ea3a,ddb55bd4859b013fb6f196bef22dd4054a4e0b42e035dd1db4a546164120dfff,20,,122,122,122,121,663057403663,0:0,0:0,,15:5
rescue,mlp_fc2,"layers.0.attn_wk,layers.0.attn_wo,layers.0.attn_wq,layers.0.attn_wv,layers.0.mlp_fc1,lm_head,wpe,wte",11,37,10176,10176,0,10,68717444174,349928725350985,0,34387649896.912834,093b84592cd0539c2216fca0dd4e4ec4f995a5538b811bd16a9e2501af7620cb,a021d838f7b8da9ca78e090dd3c2a298df6f1ae8c9f715f903c9f9913d52ea3a,8070c905a5a9ac48a9f911ce3ffdda3f6ae95eeee4087648274726dbb2978ac1,20,,122,122,122,122,917879183904,0:0,0:0,,
all,all tensors rounded,"layers.0.attn_wk,layers.0.attn_wo,layers.0.attn_wq,layers.0.attn_wv,layers.0.mlp_fc1,layers.0.mlp_fc2,lm_head,wpe,wte",10,38,14272,14272,0,33,137437364486,984152577155646,0,68956879004.73978,0053cfe174b760e2bc1c7ebd67a00f0195cf63f47623e2d38da63af10a4b49bb,a021d838f7b8da9ca78e090dd3c2a298df6f1ae8c9f715f903c9f9913d52ea3a,87bd73c0d4474fc31779c61cf8f68ac2dad573ea825a43ea82dde1f9452c75af,20,,122,122,122,121,2715452596965,0:0,0:0,,15:5
only,token_embedding,wte,10,38,864,864,0,1,137437364486,60008800593693,0,69454630316.7743,0f5137762fecb7588c9e1ac867eabfb522afaad3e115bcc1d839d32ce2dd42c4,a021d838f7b8da9ca78e090dd3c2a298df6f1ae8c9f715f903c9f9913d52ea3a,1779b4aa550a894a876d039182552a4ec5474b4b7af114b60cb3242a675ce32b,20,,122,122,122,122,604792336269,0:0,0:0,,
only,position_embedding,wpe,10,38,256,256,0,0,135891353211,17518000345764,0,68429688850.640625,1777be5541ac2b84a599ad0aa185d8548d7a8fea229c3ffe25b6168b9a1d7535,a021d838f7b8da9ca78e090dd3c2a298df6f1ae8c9f715f903c9f9913d52ea3a,66f946e0d4d32055177131efb619ebc4cdaee94abf27793aa6e9f025129ebef4,20,,122,122,122,122,552153288526,0:0,0:0,,
only,language_head,lm_head,10,38,864,864,0,1,137344729467,60681388988209,0,70233089106.72337,0432b3a8064be7b799fe607803f82a7bd4bd01f63097a47e231509caa769c867,a021d838f7b8da9ca78e090dd3c2a298df6f1ae8c9f715f903c9f9913d52ea3a,d177cc44a199e60e8774b42685469aad68831c8159e20f8aa32fedcea6db6096,20,,122,122,122,122,875609126568,0:0,0:0,,
only,attention_qkv,"layers.0.attn_wk,layers.0.attn_wq,layers.0.attn_wv",10,38,3072,3072,0,5,137415883575,212539702609613,0,69186101109.90007,731556c151db1af8280f0f2b8ac6251687c22d13c6dbd2e9db4148702d4a1a0e,a021d838f7b8da9ca78e090dd3c2a298df6f1ae8c9f715f903c9f9913d52ea3a,99e7045c51123bfe93a7fa7ccf824ef489a04707e2fb9f47c63846e5d5834227,20,,122,122,122,121,1300698191174,0:0,0:0,,15:5
only,attention_output,layers.0.attn_wo,10,38,1024,1024,0,2,137407262779,71254503680981,0,69584476250.95801,602047f8d8b4b667a50abd5d3ad50a5575f8e505929cb3285e610d5b36c16594,a021d838f7b8da9ca78e090dd3c2a298df6f1ae8c9f715f903c9f9913d52ea3a,c15375e33147a4a0cec4d4aa45d790f673b594cd5d64b01a63924befd4e553c6,20,,122,122,122,122,593845461362,0:0,0:0,,
only,mlp_fc1,layers.0.mlp_fc1,10,38,4096,4096,0,8,137407371078,283538738507999,0,69223324831.05444,f2864c2d61e82becbe6a43e2a5c5e7923985eb0ee63ca6591c2ba4b603804d82,a021d838f7b8da9ca78e090dd3c2a298df6f1ae8c9f715f903c9f9913d52ea3a,04f390baea5f01cfda09c8483d76c335487a6299d37c9a85c7317e39dbda9506,20,,122,122,122,121,2172483930377,0:0,0:0,,15:5
only,mlp_fc2,layers.0.mlp_fc2,10,38,4096,4096,0,16,137327968333,278611442429387,0,68020371686.86206,cbddda19a64f3b899921e73adf92cfb08ca65f4252739de2ee1cae8b86e38de6,a021d838f7b8da9ca78e090dd3c2a298df6f1ae8c9f715f903c9f9913d52ea3a,0dfe6c04b96831c4bc999f9f70dd2139f0ec428ce15a9bd44818c28902cb9103,20,,122,122,122,122,653103016579,0:0,0:0,,
rescue,token_embedding,"layers.0.attn_wk,layers.0.attn_wo,layers.0.attn_wq,layers.0.attn_wv,layers.0.mlp_fc1,layers.0.mlp_fc2,lm_head,wpe",10,38,13408,13408,0,32,137415883575,924143776561953,0,68924804337.85449,b81e013a91439278501b380cafef26ef089688b77451e2c133f3aca7c3aed0c3,a021d838f7b8da9ca78e090dd3c2a298df6f1ae8c9f715f903c9f9913d52ea3a,96d8531704147ac4d96924a24d0ebafe047ab93d5a82d73000d8954cb1f07aea,20,,122,122,122,121,2783859188158,0:0,0:0,,15:5
rescue,position_embedding,"layers.0.attn_wk,layers.0.attn_wo,layers.0.attn_wq,layers.0.attn_wv,layers.0.mlp_fc1,layers.0.mlp_fc2,lm_head,wte",10,38,14016,14016,0,33,137437364486,966634576809882,0,68966508048.65025,9fd2afa89310ee14e9f7a439b5fe68ee4675289152a4d545b86708c32df02920,a021d838f7b8da9ca78e090dd3c2a298df6f1ae8c9f715f903c9f9913d52ea3a,d4439aa550d04920ef0651f315c8cfd244305e8a1619fddeb857ead624d0e7e7,20,,122,122,122,121,2680679006940,0:0,0:0,,15:5
rescue,language_head,"layers.0.attn_wk,layers.0.attn_wo,layers.0.attn_wq,layers.0.attn_wv,layers.0.mlp_fc1,layers.0.mlp_fc2,wpe,wte",10,38,13408,13408,0,32,137437364486,923471188167437,0,68874641122.27304,a9da26652d0c991c03d83d77677d421f38778dea826cfc45db296f023a049d03,a021d838f7b8da9ca78e090dd3c2a298df6f1ae8c9f715f903c9f9913d52ea3a,8789b46799005466ef26abf73909313cb001ed87a1026036442a6f2875830ee1,20,,122,122,122,121,2636895192606,0:0,0:0,,15:5
rescue,attention_qkv,"layers.0.attn_wo,layers.0.mlp_fc1,layers.0.mlp_fc2,lm_head,wpe,wte",10,38,11200,11200,0,28,137437364486,771612874546033,0,68894006655.8958,22e8dd854ffcb24e2e1d252ee0c123b0b66301bc1c85999b28ad65f49de23185,a021d838f7b8da9ca78e090dd3c2a298df6f1ae8c9f715f903c9f9913d52ea3a,cea2bacf9ac0eb194353484c7501bbc46b9b4c4bec0247e8a6f9556b97ac4021,20,,122,122,122,122,2736214117782,0:0,0:0,,
rescue,attention_output,"layers.0.attn_wk,layers.0.attn_wq,layers.0.attn_wv,layers.0.mlp_fc1,layers.0.mlp_fc2,lm_head,wpe,wte",10,38,13248,13248,0,31,137437364486,912898073474665,0,68908369072.66493,f744e630f0128c5a67c190e2c5695d847d4874d85b3840b5c92f32aef8f285dd,a021d838f7b8da9ca78e090dd3c2a298df6f1ae8c9f715f903c9f9913d52ea3a,3a46aaf1d1cf624425ffa0ee7be28e74d41ac0f34083664cd4f65eccbbf3d693,20,,122,122,122,121,2505163434532,0:0,0:0,,15:5
rescue,mlp_fc1,"layers.0.attn_wk,layers.0.attn_wo,layers.0.attn_wq,layers.0.attn_wv,layers.0.mlp_fc2,lm_head,wpe,wte",10,38,10176,10176,0,25,137437364486,700613838647647,0,68849630370.24834,0e23acb39cb82e23b3648b9f98d0449a8d2d2a0e3eac9b732f1f32e8f3f53fdb,a021d838f7b8da9ca78e090dd3c2a298df6f1ae8c9f715f903c9f9913d52ea3a,a7df5a0a443c7b135a62861e52974be3144c101b38bee7979e8b77765fa15f88,20,,122,122,122,121,1637337727783,0:0,0:0,,15:5
rescue,mlp_fc2,"layers.0.attn_wk,layers.0.attn_wo,layers.0.attn_wq,layers.0.attn_wv,layers.0.mlp_fc1,lm_head,wpe,wte",10,38,10176,10176,0,17,137437364486,705541134726259,0,69333837925.14337,c23ae43528f54e44ac4eb84b12c26a3d08bc5964491b4ce2472e6dda94b1b8a4,a021d838f7b8da9ca78e090dd3c2a298df6f1ae8c9f715f903c9f9913d52ea3a,d824d00a77dfa661bf49516c583126da455fbeb41ea1e9c66f1eaa1d55f30f8a,20,,122,122,122,121,2543501369755,0:0,0:0,,15:5
all,all tensors rounded,"layers.0.attn_wk,layers.0.attn_wo,layers.0.attn_wq,layers.0.attn_wv,layers.0.mlp_fc1,layers.0.mlp_fc2,lm_head,wpe,wte",9,39,14272,14272,0,69,274869913999,1973707501420920,0,138292285693.73038,9187d41e9f68936750fd8c4558b96c00e45f839bc55119b214d3e4eafdd74630,9c6502df9092e93c92ef25ecd0eafb31cb5511b95a530490a16e100d46c4f21b,c69d77cfea00ce4f483be6f3af904ae276c66a0d27e0388f75d7ef48c7d575e3,18,15:2,123,113,122,115,772714418890151,0:0,0:0,15:2,15:3
only,token_embedding,wte,9,39,864,864,0,2,274864509832,119564868953637,0,138385264992.6354,869c1cade2e47e6739b1393dd95e94ba92aa477c9c4b28817a77de5e8f1ce4b7,a021d838f7b8da9ca78e090dd3c2a298df6f1ae8c9f715f903c9f9913d52ea3a,26c57fc2d4d5b09514faffed2eb291a8d06ba20793133d06c05ba03bf24c7c57,20,,122,122,122,122,1808026809133,0:0,0:0,,
only,position_embedding,wpe,9,39,256,256,0,0,274855369923,34608767726968,0,135190498933.46875,e9f208b6ba30fc9aeb1fc7d1200359f51bd1fdd59d9515fcc849b0e89efc5348,a021d838f7b8da9ca78e090dd3c2a298df6f1ae8c9f715f903c9f9913d52ea3a,52490afccc11c83f7588e80663acf495f03744ba93691cb1cb2d6d9b606c92b8,20,,122,122,122,122,1092942295837,0:0,0:0,,
only,language_head,lm_head,9,39,864,864,0,3,274814086296,121490890935751,0,140614457101.56366,2b98a01a2b7224852c4746bc96ca1c70545d05eabc3a31963504a0370e5c86ca,a021d838f7b8da9ca78e090dd3c2a298df6f1ae8c9f715f903c9f9913d52ea3a,4237562646b861c29d4ed363e79d1dcb8ac579eb9ef2c6ff174f9e45b144828d,20,,122,122,122,121,1800046805012,0:0,0:0,,15:5
only,attention_qkv,"layers.0.attn_wk,layers.0.attn_wq,layers.0.attn_wv",9,39,3072,3072,0,13,274789299805,423965805581523,0,138009702337.73535,5ae42e84bb9a0e0404db6a70d2e48289ac136d3da0102f91776c69f3309e60f3,a021d838f7b8da9ca78e090dd3c2a298df6f1ae8c9f715f903c9f9913d52ea3a,9807f29936752edb11759322cc7e98eadeaf3cb2c707e3a7b027f97ed2ff9e5e,20,,122,122,122,122,2190604688708,0:0,0:0,,
only,attention_output,layers.0.attn_wo,9,39,1024,1024,0,4,274653867894,141261420628087,0,137950606082.1162,52d8d0801414e08db1b029b2d0e0986e981cd61a0c9d15c0ce09aa4899bbc4ea,a021d838f7b8da9ca78e090dd3c2a298df6f1ae8c9f715f903c9f9913d52ea3a,e5bef06d1d7c4188f29ea9c4a3e05630d0c27e0b535fc6babf4fa283f9c15a9f,20,,122,122,122,122,1421614532531,0:0,0:0,,
only,mlp_fc1,layers.0.mlp_fc1,9,39,4096,4096,0,21,274811198946,563725018237593,0,137628178280.66235,77973600cf14ec04fd4ccc7b498ce491cbd433d76f1df4917f0161c2192a9462,a021d838f7b8da9ca78e090dd3c2a298df6f1ae8c9f715f903c9f9913d52ea3a,2e6f8c568dcb27b6d0003e2dbcc80f85fdd004fcf27e66111561c8ed506521f2,20,,122,122,122,122,5350825634236,0:0,0:0,,
only,mlp_fc2,layers.0.mlp_fc2,9,39,4096,4096,0,26,274869913999,569090729357361,0,138938166347.01196,a11de5c2ba5a90cdc864d8960a4ad851d8ce4b0b445b4829278e6a6752a1fe3a,a021d838f7b8da9ca78e090dd3c2a298df6f1ae8c9f715f903c9f9913d52ea3a,ef183e93f557d835dd548f4ab4a5de3313f4cdb3023b2018fdf9547b2a207913,20,,122,122,122,122,631271866115,0:0,0:0,,
rescue,token_embedding,"layers.0.attn_wk,layers.0.attn_wo,layers.0.attn_wq,layers.0.attn_wv,layers.0.mlp_fc1,layers.0.mlp_fc2,lm_head,wpe",9,39,13408,13408,0,67,274869913999,1854142632467283,0,138286294187.5957,419ea629c3c65fa3defa68951fe65133375279467879d1d669aab890d50900c7,8475331d07b0c0315e8b7c48570ea470103da58ccf75f188822f05b54b876bc0,7123ee27865f697c1612d93c0e242c91c5391a1a37227a97904319fb862f9206,19,19:0,123,117,122,118,486503462229853,0:0,0:0,19:0,19:2
rescue,position_embedding,"layers.0.attn_wk,layers.0.attn_wo,layers.0.attn_wq,layers.0.attn_wv,layers.0.mlp_fc1,layers.0.mlp_fc2,lm_head,wte",9,39,14016,14016,0,69,274869913999,1939098733693952,0,138348939333.18723,7470707653313ca7329f7190d7bcaf0a4a6b99348ffb88cdbbfde09a329130ca,c9ca5906a61aa52a3430ba3f92c6f2b9b6348efa70ffa70408ea2c3e1bb7c138,3081df4137ccc8bf5113c312da4ab30a041083b873c99e81e6f31bc3e09741f5,15,15:2,119,96,118,107,1231177509453434,0:0,0:0,15:2,15:3
rescue,language_head,"layers.0.attn_wk,layers.0.attn_wo,layers.0.attn_wq,layers.0.attn_wv,layers.0.mlp_fc1,layers.0.mlp_fc2,wpe,wte",9,39,13408,13408,0,66,274869913999,1852216610485169,0,138142646963.39267,87c12a095047441432944f192280f8537aa6107a42fa654d55c1945ca6d44e03,a021d838f7b8da9ca78e090dd3c2a298df6f1ae8c9f715f903c9f9913d52ea3a,373917c84ecb50e26f52ae4f4b719fb5e763a9c2211bf4b42dc5aef08343f427,20,,122,122,122,122,7154877540639,0:0,0:0,,
rescue,attention_qkv,"layers.0.attn_wo,layers.0.mlp_fc1,layers.0.mlp_fc2,lm_head,wpe,wte",9,39,11200,11200,0,56,274869913999,1549741695839397,0,138369794271.37473,7465182d9e058ee4bfabd9aa5e6c75e54f8c36071731a1be60ae0f593d7e6613,d80d356bb04b9f4ec0fa026b3202a3803b02ce98caf06ef79767eb4d987001dd,30fdf3134052b9a13920b94738974a908cdac64a0085a3011a608040cee2a03b,1,1:0,125,29,115,56,1167562430375706,0:0,0:0,1:0,1:1
rescue,attention_output,"layers.0.attn_wk,layers.0.attn_wq,layers.0.attn_wv,layers.0.mlp_fc1,layers.0.mlp_fc2,lm_head,wpe,wte",9,39,13248,13248,0,65,274869913999,1832446080792833,0,138318695712.0194,56d1e9d3bfb6c0121ced77de8fe100471859d7700dc80044fbd401103aea9433,8475331d07b0c0315e8b7c48570ea470103da58ccf75f188822f05b54b876bc0,e5b96d5d1858120e005149298a60f39886d06efe2de0583a49e099071c8625ef,19,19:0,123,117,122,118,486039148924585,0:0,0:0,19:0,19:2
rescue,mlp_fc1,"layers.0.attn_wk,layers.0.attn_wo,layers.0.attn_wq,layers.0.attn_wv,layers.0.mlp_fc2,lm_head,wpe,wte",9,39,10176,10176,0,48,274869913999,1409982483183327,0,138559599369.43073,51b7b84aa27169a0b6cd9a6dfae3a1409f927cfff91cc76280b91d9912e9f4b1,8475331d07b0c0315e8b7c48570ea470103da58ccf75f188822f05b54b876bc0,6f7a72eb3dda0e7cef6d93f8c0fbd119b61457b92d607c3de562350959b8c7ea,19,19:0,123,117,122,117,490474379215158,0:0,0:0,19:0,15:5
rescue,mlp_fc2,"layers.0.attn_wk,layers.0.attn_wo,layers.0.attn_wq,layers.0.attn_wv,layers.0.mlp_fc1,lm_head,wpe,wte",9,39,10176,10176,0,43,274864509832,1404616772063559,0,138032308575.42838,dea8391465c37b5be333b4c5c8db149018d4adea734a9ff7b86644b032e7ad58,1bac839d60b7eb64f65856bae1908f04fbe2833747b54eed3ecfe7d9e54d8388,33c5643134ab56f30e456ab986130b0dbbe12625404029d8fc5f174f36ab7aac,19,15:2,122,118,122,119,772571724055727,0:0,0:0,15:2,15:3
